<?xml version="1.0" encoding="utf-8"?>
<extension type="file" version="1.6" method="upgrade" client="site">
    <name><![CDATA[JD Builder - pl-Pl]]></name>
    <author><![CDATA[JoomDev.com]]></author>
    <authorurl>http://www.joomdev.com</authorurl>
	<copyright>Copyright (C)2017 JoomDev.com. All rights reserved.</copyright>
	<license>http://www.gnu.org/licenses/gpl-3.0.html GNU/GPL</license>
    <version>1.0.0</version>
    <creationDate>23 Jul 2019</creationDate>
    <description><![CDATA[Polish translation file for JD Builder.]]></description>
	<fileset>
		<files folder="frontend" target="plugins/system/jdbuilder/language/pl-Pl">
			<filename>pl-PL.jdb.ini</filename>
			<filename>pl-PL.jdbuilder.ini</filename>
			<filename>pl-PL.jdbuilder.misc.ini</filename>
		</files>
	</fileset>
</extension>